Longitude,Latitude,NDVI,EVI,Elevation,Slope,Biomass
88.13290740661584,22.3178262039275,0.5149713006533285,0.4372453460921575,5.7082953453063965,0.004937154933977639,20.88323974609375
88.44035847433258,22.400565789289786,0.47039256993406076,0.42521893421700013,1.8092846870422363,0.004937154933977639,20.82713508605957
89.39063197041214,22.371015868500404,0.6150532827591075,0.5104646245310683,12.034211158752441,0.0013241620855481155,81.90561866760254
88.64160849086323,22.4632706484497,0.3619265685015233,0.2923300377434222,1.6211843490600586,0.004937154933977639,0.5839449763298035
88.90775528402361,22.172399178888725,-0.030409365242710505,-0.02761610120905726,0.0,0.004937154933977639,1.331117033958435
89.45766830510094,22.07170985159258,0.5571093054018303,0.48308206215201743,7.687723636627197,0.0013241620855481155,48.24751281738281
88.88141392611546,22.090499576680827,0.34135990439155056,0.32186186513053217,1.9110153913497925,0.004937154933977639,1.02217698097229
88.28591981007764,22.500146492125534,0.532917013132602,0.5097720801170423,3.1584115028381348,0.004937154933977639,37.945499
88.41002191584407,22.49088069287613,0.1318341716212746,0.10429102219605921,5.839150428771973,0.004937154933977639,15.619585990905762
88.95253534729702,22.3482829015957,-0.1178353660251844,-0.09296069558268255,0.0,0.004937154933977639,55.047664642333984
88.66024325106771,22.133205958022597,0.3140006547254059,0.2898906246212578,2.608808994293213,0.004937154933977639,14.98067569732666
88.43845354686741,22.413958398792087,0.37170679303802406,0.3290582361717173,4.183483123779297,0.004937154933977639,331.494171
89.32429595465373,22.148215621988285,0.5847831653372907,0.5308611550450992,4.17024564743042,0.0013241620855481155,10.848238945007324
89.28024983158389,22.17806542612359,0.4805279578791092,0.4277351056664672,4.297232627868652,0.0013241620855481155,516.794495
89.40332417062714,22.30037126246312,0.5105971392666017,0.4722366237059885,7.20739221572876,0.0013241620855481155,25.8978214263916
89.31385239105538,22.219904559320707,0.037229031208676065,0.02480301070045002,1.3089596033096313,0.0013241620855481155,0.9703500270843506
88.63323487924734,22.32904958778372,0.3692416388158991,0.306539104210736,1.3134359121322632,0.004937154933977639,13.756669044494629
88.64936144632098,22.339511873430027,0.38531665693738903,0.3205392757699638,1.710199236869812,0.004937154933977639,14.453229904174805
88.43438462301485,22.381529955692415,0.5584295255375825,0.5414317904492406,4.501413345336914,0.004937154933977639,18.73417854309082
88.37493537557697,22.085267439390247,0.4604071334818024,0.4063504019255893,5.497303009033203,0.004937154933977639,24.560187816619873
88.90871558774401,22.3189017802992,-0.10590540281534172,-0.09031853782911901,0.0,0.004937154933977639,9.976794242858887
88.80123290683052,22.450615134703014,-0.0662662961374191,-0.04576241497095146,0.0,0.004937154933977639,1.02217698097229
89.14874914133281,22.489755689681655,0.07858744195938037,0.06504886577148666,2.5117735862731934,0.0013241620855481155,3.3354508876800537
89.28685818870889,22.1916692365528,0.568109989531146,0.463796594035937,4.749431610107422,0.0013241620855481155,14.811026573181152
88.77922638986412,22.290890418455152,0.3287569082484918,0.2837585268693591,2.3313565254211426,0.004937154933977639,22.662948608398438
88.03004404672981,22.175718210780598,0.4441413128045534,0.3330765074484368,7.513516902923584,0.004937154933977639,31.24496841430664
88.21144635021993,22.449908257566662,0.5716447561876484,0.509828779916181,4.018286228179932,0.004937154933977639,46.020050048828125
88.78718933422925,22.234604029489855,0.4117930204572804,0.3797489119840971,2.8676531314849854,0.004937154933977639,63.85386657714844
89.0223264847237,22.07086876457147,0.550654436738436,0.47931424679839824,3.7902934551239014,0.0013241620855481155,12.836243629455566
89.0069174860233,22.230090107994194,0.42498792241492356,0.35551395040061706,3.0459275245666504,0.0013241620855481155,58.572659
89.14456057965077,22.36055060337426,0.13731422112835237,0.0982431500202843,0.5,0.0013241620855481155,10.14150333404541
89.38879569388779,22.444933441121883,0.5878118585759301,0.49308308716263316,13.443879127502441,0.0013241620855481155,68.081947
88.18944972653567,22.416097010256706,0.4506852022664382,0.38659287652962177,9.496281623840332,0.004937154933977639,88.875099
88.2573518079787,22.09690489757542,0.31905410424662617,0.2510006602717366,2.7024006843566895,0.004937154933977639,14.731893539428711
88.82238157824136,22.417707672072897,0.10714264340644537,0.08341953460631642,2.59653377532959,0.004937154933977639,6.189572334289551
89.48466843434258,22.489854201120814,0.6708682388262068,0.5662733304670396,9.048415184020996,0.0013241620855481155,4.505998134613037
89.23398144252509,22.46471268548293,0.05729526200188262,0.037826776189929495,0.5,0.0013241620855481155,1.0619250535964966
88.61606264388651,22.01389595333018,-0.13130982731252105,-0.11722822959521088,0.0,0.004937154933977639,1.1160930395126343
88.55803073809058,22.272239255794204,0.33906486648470474,0.29731772031794196,1.8839048147201538,0.004937154933977639,14.53164291381836
88.6424966326302,22.376229458703964,0.34938849538001515,0.27454849867624664,2.9385244846343994,0.004937154933977639,13.886689186096191
88.3198724717346,22.21988155604446,0.40204464844564997,0.3208714803312754,2.073423147201538,0.004937154933977639,14.455933570861816
88.42799978667708,22.279646816080707,0.4157844270736741,0.3491634504855006,2.0453221797943115,0.004937154933977639,9.441022872924805
89.21791814359868,22.310564340287993,-0.15466473184593985,-0.11085263792876304,0.0,0.0013241620855481155,0.787926971912384
89.31095189909547,22.290429132069992,-0.12037672259336475,-0.08803008989560891,0.0,0.0013241620855481155,0.5164399743080139
89.05004073311397,22.367072791462544,0.30428780345130163,0.256617911087396,1.4490180015563965,0.0013241620855481155,10.775779724121094
89.14442454274644,22.051301077992875,0.5162930899049337,0.43979204092896973,4.178005695343018,0.0013241620855481155,11.096529960632324
88.497685834404,22.41229897636648,0.3827185906686995,0.37674126007824915,3.044929265975952,0.004937154933977639,31.746179580688477
88.02507620027723,22.347689327972805,0.47791178945496093,0.37321047594088286,13.108968734741211,0.004937154933977639,46.466579
88.55107099114059,22.13641936450347,0.38374567692992023,0.312143909865234,1.909299373626709,0.004937154933977639,14.3761625289917
88.74529404582822,22.437072451302598,0.242514334253557,0.19163090685261258,1.9041763544082642,0.004937154933977639,1.8173799514770508
88.29918099842516,22.425804975543727,0.6035823152720999,0.5671690800761535,4.139459609985352,0.004937154933977639,39.818642
89.49628197444068,22.062623529559712,-0.10146465092977341,-0.06822332388892181,0.0,0.0013241620855481155,9.906432151794434
89.27888560206381,22.3573173973853,0.340104299397699,0.2639219535364552,1.8331209421157837,0.0013241620855481155,23.460205078125
88.21654607151773,22.205925555719492,0.5789826419140809,0.5185026024161177,4.563574314117432,0.004937154933977639,75.439621
89.10560111850994,22.115002368620118,0.5508686235065009,0.476745907041476,5.234861850738525,0.0013241620855481155,19.485479
88.68929231071577,22.25363356654428,0.3668385034038043,0.32964567488346264,1.7156637907028198,0.004937154933977639,14.3761625289917
88.3958883899416,22.337792229260724,0.5838592897923655,0.529097677874653,5.218674659729004,0.004937154933977639,56.92379379272461
89.18776616256667,22.401737596682676,0.04444313157256481,0.03292514160048907,1.0,0.0013241620855481155,0.6066064834594727
88.61025736421988,22.42736076090394,0.31763313609467453,0.2444973297958347,1.724547028541565,0.004937154933977639,14.508777618408203
89.30144035865322,22.367976439242867,0.28103973776525387,0.234107172719418,1.0587596893310547,0.0013241620855481155,10.232799530029297
89.32526005753965,22.432055629774993,0.3473491773308958,0.28006623935068853,1.7079473733901978,0.0013241620855481155,11.055465698242188
88.39054325771802,22.045536922903228,0.3588419468954581,0.2943805832238094,2.0778422355651855,0.004937154933977639,14.359624862670898
89.1127359167341,22.191449132952453,0.5680942730123332,0.5061450785125663,5.31270170211792,0.0013241620855481155,14.369536399841309
88.41931254880427,22.40061764263573,0.2369435489402565,0.18718356387244509,6.7581915855407715,0.004937154933977639,49.570858001708984
88.84882878581256,22.372777066756115,0.08029197080291971,0.06046573608288637,1.0,0.004937154933977639,2.6866989135742188
88.22403306087865,22.42942329466981,0.5554299455352822,0.4826679628019074,9.274279594421387,0.004937154933977639,57.939329069458005
89.19176691481188,22.190957280099873,0.3384187681329587,0.2644074921698689,2.697374105453491,0.0013241620855481155,20.920421600341797
88.76372486171734,22.225802744793448,0.3573260785075787,0.2941218068305036,1.2593885660171509,0.004937154933977639,13.897167205810547
88.19014460489998,22.348866093630228,0.29737527951752063,0.269849337859876,3.723686933517456,0.004937154933977639,49.154762268066406
88.03885277522642,22.17509146438675,0.4375787608246135,0.35667214899416055,2.973240613937378,0.004937154933977639,12.145974159240723
88.38067645198505,22.39211881067018,0.4381317376005738,0.3406614540659363,3.4240825176239014,0.004937154933977639,14.943622589111328
89.25898212739635,22.014852271438418,0.5148302902433093,0.47774489008995413,4.599253177642822,0.0013241620855481155,16.03221893310547
88.01351114909265,22.468267195049048,0.5722167957525393,0.5301678725095716,2.399277925491333,0.004937154933977639,15.370806694030762
88.79804272927296,22.20973635822329,0.2667377437250402,0.2160152280684763,2.215402126312256,0.004937154933977639,14.115572929382324
89.36273878199856,22.44289332703503,0.0959921072752204,0.06097214891948173,1.5384116172790527,0.0013241620855481155,11.156710624694824
88.03091829792932,22.20154792549009,0.4054911562884382,0.31270303309863634,4.227019309997559,0.004937154933977639,10.035778999328613
88.33617043968273,22.30466164317527,0.4704844365057725,0.37488486653323483,1.8894038200378418,0.004937154933977639,9.062374114990234
88.14129563386207,22.335940832007456,0.5492070579417793,0.5297902713212876,7.713219165802002,0.004937154933977639,51.51894760131836
88.11264702543815,22.131673808900917,0.4904069666585713,0.399387426995595,7.7292985916137695,0.004937154933977639,23.04034423828125
89.48936592024356,22.435572184467553,0.5747053215524834,0.5551302751644002,10.996535301208496,0.0013241620855481155,101.667809
88.58145454266692,22.33320827673867,0.3687194687290919,0.3314959878656965,1.565709114074707,0.004937154933977639,14.638096809387207
88.92139678617436,22.15628334739439,0.544351630867144,0.4789402768299299,5.587467193603516,0.004937154933977639,12.080582618713379
88.83939915604368,22.070348105053498,0.4474851315170962,0.38079850289403383,3.6352970600128174,0.004937154933977639,11.205926895141602
88.40399472050555,22.17319530726152,0.5442350904156493,0.5309019896607479,2.602276086807251,0.004937154933977639,57.63224411010742
88.18733648556923,22.101325993329667,0.0004298199531973709,0.00032281252667111136,3.1970794200897217,0.004937154933977639,1.500722050666809
88.17007534590583,22.4526495584197,0.3300051806150803,0.28246265619745103,3.3619003295898438,0.004937154933977639,31.488113403320312
88.3177166416724,22.259542435057877,0.5514400967660883,0.47581914583361595,9.508490562438965,0.004937154933977639,32.224972
88.95250873978149,22.353060661586714,-0.09185649843177923,-0.08011997532121799,0.0,0.004937154933977639,10.967662811279297
89.30483948354423,22.27121168731403,-0.10251981483811265,-0.07744021680553012,0.0,0.0013241620855481155,1.333788514137268
89.26922686994783,22.34274460833298,-0.16123253636756452,-0.11456976051715355,0.0,0.0013241620855481155,1.22843599319458
88.84188420622526,22.22622820488653,0.2815748728157488,0.2513500439319598,1.7860623598098755,0.004937154933977639,10.405950546264648
89.15876074993825,22.09314938709445,0.5411209682045007,0.5202758332540848,6.1408586502075195,0.0013241620855481155,11.507585525512695
88.8301433560337,22.385122614218183,0.11943968407719253,0.07654432490101973,0.5,0.004937154933977639,0.41031500697135925
88.58514406647694,22.455361163379838,0.42601149523701665,0.3607779075545643,8.033198356628418,0.004937154933977639,27.944181442260742
89.16802855932073,22.36040603957885,0.0035735083911271745,0.0023171080843386567,0.5,0.0013241620855481155,0.5839449763298035
88.05835602250093,22.122208389470362,0.43943803609865073,0.34140253046563385,6.181280612945557,0.004937154933977639,23.296812057495117
88.87317901045877,22.160041700272068,0.2919815879833951,0.24420254829761595,1.5357578992843628,0.004937154933977639,10.154990196228027
89.49576285496461,22.10600330043566,0.5679493260529374,0.46821990746692044,4.493311882019043,0.0013241620855481155,16.837860107421875
89.36545788771875,22.44919347080355,0.3286686742305997,0.25889599296246185,3.281751871109009,0.0013241620855481155,4.183956146240234
89.44834456002447,22.114105212458007,0.3277476182213298,0.25367894079688746,3.676798105239868,0.0013241620855481155,23.789506912231445
88.43098584256138,22.18330097937889,0.469972890597479,0.37571567806364087,2.1293954849243164,0.004937154933977639,15.000844955444336
88.53469811991178,22.227168215484753,0.39331412336026766,0.3241615709355663,3.3706138134002686,0.004937154933977639,15.948763847351074
88.60271571602647,22.415930637750144,0.36699968329830424,0.3351486745146432,2.039565086364746,0.004937154933977639,14.877182006835938
86.71781410697423,21.423735464689003,0.6158776739516566,0.5338876392459297,308.75958251953125,0.16679662585429475,16.81670570373535
86.59489401319338,21.274082424555687,0.2357411419479194,0.18990498408743128,17.094350814819336,0.16679662585429475,10.391690254211426
86.66907421565708,21.476579970255514,0.4878501647297691,0.3893597106353461,74.13099670410156,0.16679662585429475,10.051732063293457
86.57316552605468,20.868056928607277,0.3408242286161405,0.2757506218102412,3.5682199001312256,0.03175036417131596,10.516706466674805
86.65988679534993,21.119705552918038,0.26473391442979183,0.2200061060803153,7.101949214935303,0.16679662585429475,10.301837921142578
86.76333684737335,20.531647182951858,0.3691120410936727,0.3016695922183458,2.7176897525787354,0.03175036417131596,1.22843599319458
86.52361509873586,20.624757668588618,0.48742639019431067,0.4156784820532588,10.300281524658203,0.03175036417131596,28.88654327392578
86.57500794721503,20.687193485468434,0.4169185701225819,0.359423905483292,2.704117774963379,0.03175036417131596,10.519030570983887
86.91629490428035,21.351781171897454,0.3277573895479502,0.2531102857349515,6.850345134735107,0.16679662585429475,48.00370407104492
86.80261706193015,20.616195318481147,0.2865541157268059,0.2380723255531612,2.0279204845428467,0.03175036417131596,1.1575959920883179
86.78007800714917,20.97853451567589,0.49831609573344504,0.428286682667424,4.089250564575195,0.03175036417131596,24.77701759338379
86.59470693354211,21.327200125654528,0.23701597065541724,0.19129192050857097,30.471120834350586,0.16679662585429475,10.447932243347168
86.74548304695305,21.127002777633553,0.41883563653912625,0.3696677311084606,6.189499855041504,0.16679662585429475,10.287557601928711
86.62401134071519,21.013668733836234,0.2704005875496943,0.21298590238565343,3.908921003341675,0.16679662585429475,10.888708114624023
86.67074648046594,21.01248500116896,0.2509339419362241,0.20280954310561847,2.5238256454467773,0.16679662585429475,10.702149391174316
86.66735973950384,20.749331836203385,0.44740096342130276,0.40808692334308705,4.472701072692871,0.03175036417131596,19.852079
86.56209228072214,20.51331725147978,0.4069068216379251,0.3565588571788385,2.727567434310913,0.03175036417131596,33.498565673828125
86.79381485630311,21.264212318096636,0.5193115661223692,0.4618594972777782,7.305230140686035,0.16679662585429475,10.501293182373047
86.61368490656511,20.849349569369682,0.27822145819546135,0.23280960016661562,2.531850576400757,0.03175036417131596,10.338602066040039
86.81023813892024,20.597475804927665,0.22542439576928164,0.17970230402228196,2.0483365058898926,0.03175036417131596,0.4797169864177704
86.86280097938325,20.881352185680825,0.06531584676160973,0.04481444205641576,2.253561019897461,0.03175036417131596,10.035778999328613
86.73562436084335,21.01780371447255,0.1260832590912772,0.09115128449096094,2.2100942134857178,0.16679662585429475,11.096294403076172
86.77162901944412,20.802462937607903,0.28665884412657616,0.22155764047086934,2.3122785091400146,0.03175036417131596,140.711502
86.92922460849591,21.476716982427487,0.30657281461048214,0.2448884781061928,16.499971389770508,0.16679662585429475,11.017038345336914
86.55718411428694,21.145130553422955,0.36325563988681625,0.3001183125541095,15.152186393737793,0.16679662585429475,10.391690254211426
86.92090022195717,21.47533056008292,0.5076912866595432,0.42421583948236147,24.577512741088867,0.16679662585429475,38.68793487548828
86.97408054735732,20.665665599024653,0.5774346035716716,0.4996070745394534,4.423447608947754,0.03175036417131596,2.772066116333008
86.84197490048017,20.798011053891504,0.24575010269127195,0.198333031344365,2.258194923400879,0.03175036417131596,10.294719219207764
86.51314160892733,21.28955208535385,0.32498456168948864,0.26059585302629096,26.958274841308594,0.16679662585429475,10.834460258483887
86.7935828087735,21.22760645468974,0.26061801796997897,0.2095720281909217,2.8902077674865723,0.16679662585429475,9.85206127166748
86.88905420312774,21.018063882355253,-0.02334559718772557,-0.015771826048102677,0.0,0.16679662585429475,1.0619250535964966
86.64816176923134,20.649168740232057,0.27594830458432806,0.21170501533480435,2.2186150550842285,0.03175036417131596,10.035778999328613
86.8916104254409,20.733462315657555,0.6222465620055981,0.5288006254461481,10.019635200500488,0.03175036417131596,55.40237045288086
86.9408029804994,20.738112032128882,0.28281358878654855,0.21876039321564783,1.7838486433029175,0.03175036417131596,87.52680969238281
86.76829356531331,20.693474781079548,0.29074097706416696,0.22654641021660038,2.1042046546936035,0.03175036417131596,1.1575959920883179
86.71232482454575,21.05863754988924,0.4730192377988796,0.38870022322950815,1.8616282939910889,0.16679662585429475,10.592205047607422
86.70965409370099,20.68560299547127,0.4901521923443755,0.44855553918456503,0.0,0.03175036417131596,12.02789306640625
86.58421140464567,21.371195812196376,0.5730998803429588,0.45348500504287836,152.45831298828125,0.16679662585429475,69.223152
86.57145780891449,21.117119587003394,0.22334351028691593,0.19084938132775642,10.774070739746094,0.16679662585429475,13.894811630249023
86.80460522953729,20.633996090572122,0.27556632700150074,0.2182665627375474,2.092097282409668,0.03175036417131596,0.5164399743080139
86.58676795563699,21.41023126937283,0.645096579491589,0.479521660955435,329.1453857421875,0.16679662585429475,20.572751998901367
86.90555601450588,21.467315085422197,0.4401262598925424,0.34639117205124403,16.43413543701172,0.16679662585429475,10.905197143554688
86.60079307309087,20.68253872603575,0.32921867003136673,0.2671644915954006,2.880831718444824,0.03175036417131596,10.246421813964844
86.58289576776397,21.16863730024293,0.34035060105849246,0.29270095529320606,13.649357795715332,0.16679662585429475,10.319499969482422
86.58530623817701,20.645668053195987,0.33123666442580296,0.2872080425806496,3.264055013656616,0.03175036417131596,11.129380226135254
86.9000689250025,20.653025628037426,0.6121644706797693,0.507226573722544,5.936404228210449,0.03175036417131596,6.388912200927734
86.73456565060027,21.296289183506,0.5431775700934578,0.4873015343979269,9.238753318786621,0.16679662585429475,33.74913787841797
86.7658578725835,20.791830001115656,0.26970676070317157,0.20676642272201828,1.731801986694336,0.03175036417131596,10.102519035339355
86.59523110638474,21.480791066154158,0.46876420112807077,0.35904799864592607,82.24732971191406,0.16679662585429475,10.68620491027832
86.77893478180059,21.074482653061256,0.23582137331270345,0.18803949680290316,2.58075213432312,0.16679662585429475,11.079560279846191
86.85453097462965,20.939723221135772,0.23178310748682918,0.18523980201682821,1.9146374464035034,0.03175036417131596,10.15463638305664
86.80719658674604,20.809849932473238,0.24561285639572492,0.18073699646476563,2.065744400024414,0.03175036417131596,10.287557601928711
86.54386105859813,20.652933479880673,0.3763207115426707,0.31619272672996723,4.550568103790283,0.03175036417131596,10.484898567199707
86.58759497688395,21.489389396293948,0.3613695696709431,0.2802533731663166,70.7942123413086,0.16679662585429475,10.592205047607422
86.86044165892145,21.37036612201785,0.2652375764220927,0.1998523301933848,4.25513219833374,0.16679662585429475,10.471911430358887
86.65286268215094,20.90906203076513,0.2614415972501968,0.19795322019226155,1.8114804029464722,0.03175036417131596,10.63269329071045
86.558653286376,21.303364219660956,0.419845289852049,0.3258718462800459,31.474607467651367,0.16679662585429475,14.531039237976074
86.78854831060035,20.89200311998204,0.3429557122189373,0.277385283031646,2.119629144668579,0.03175036417131596,11.394625663757324
86.61822690284194,20.887681264821534,0.2944608826998283,0.229327643248952,2.385958671569824,0.03175036417131596,11.134368896484375
86.8196982872512,20.780396484691952,0.26444126147852864,0.21674228387001895,2.148153066635132,0.03175036417131596,10.233229637145996
86.70003391360068,21.165999669029244,0.3578399157207822,0.313755616067716,9.359251976013184,0.16679662585429475,10.58828353881836
86.54025458048,20.72826679328182,0.3277493485405373,0.2642823455495162,3.386976718902588,0.03175036417131596,10.499123573303223
86.59384059184562,20.565095767797064,0.3975910864861909,0.34200055760019826,4.936362266540527,0.03175036417131596,11.911161422729492
86.91174241607081,20.87223503889595,0.2582522599763753,0.1961084509372777,2.5087952613830566,0.03175036417131596,20.302066802978516
86.84373265068422,20.632030788036168,0.29040139336458176,0.24513931341268644,1.9232938289642334,0.03175036417131596,1.3916250467300415
86.74477390329395,20.90396415005884,0.23102909796648616,0.1864199055591902,2.259913682937622,0.03175036417131596,9.99944019317627
86.7901850798979,20.645175068968182,0.6138219184808569,0.5395220450036606,1.14549720287323,0.03175036417131596,13.016279220581055
86.82878922016133,21.045399333280606,0.2754222540689938,0.21139249500245264,2.487952709197998,0.16679662585429475,10.049782752990723
81.77481966548302,16.47098496346906,0.43511918217667594,0.389299335804105,3.0392494201660156,0.036131199065771766,87.984467
81.76164415831366,16.45090396148393,0.3830540770043287,0.3207946757970434,6.863348960876465,0.036131199065771766,10.285636901855469
81.73221526788258,16.403453765901467,0.40950022039839623,0.3777344067658778,3.11336088180542,0.036131199065771766,10.24894905090332
81.53461515932696,16.418075068021437,0.03242344207824154,0.01858476654892399,1.3354955911636353,0.036131199065771766,1.2866109609603882
81.87149951197271,16.45842011254131,0.3812682814919609,0.35079541536794556,4.617696762084961,0.036131199065771766,1.214100956916809
81.92087501902591,16.475184369910526,0.4140032405615061,0.4264709466390653,2.544374704360962,0.036131199065771766,10.487022399902344
81.52048752978793,16.48982581486039,0.4355859196263746,0.3245511044527683,4.143423557281494,0.036131199065771766,90.986328
81.5532900599992,16.443630607399147,0.38593109892952204,0.32591570652296464,2.767864942550659,0.036131199065771766,1.1470595002174377
81.90717623036072,16.469438091299644,0.48195497677373256,0.4581848309077544,3.417912244796753,0.036131199065771766,20.92562484741211
81.88447674836718,16.404368308711245,0.5067670199511888,0.4630262130567443,9.771615982055664,0.036131199065771766,48.127171
81.58190656570747,16.373425333712436,0.3392484695430614,0.29706333212396424,4.140205383300781,0.036131199065771766,19.795141220092773
81.7490810408809,16.481372714258654,0.2779814604313091,0.2931796844923036,4.5150651931762695,0.036131199065771766,36.819511
81.73054781776715,16.3485974744139,0.4002721508446831,0.30388527344132077,1.6681373119354248,0.036131199065771766,11.783500671386719
81.70669829859567,16.49820798962355,0.2587542930120981,0.18880208333333337,6.521665573120117,0.036131199065771766,24.116905212402344
81.78050248968205,16.413534070522587,0.38545086066393597,0.3530760253136095,2.1448974609375,0.036131199065771766,10.246421813964844
81.92075265804269,16.466047404143357,0.4008359536774292,0.44671194707662143,7.133824825286865,0.036131199065771766,22.167116165161133
76.2216066870329,11.06550568541881,0.6329251239990721,0.6072465058524565,66.48804473876953,0.12676359443625265,105.20536041259766
76.81096778505868,11.380675426101789,0.20442589009944678,0.30647188427035466,2060.357421875,0.12676359443625265,14.728455543518066
76.13043290700868,11.22172916513206,0.5597976424851098,0.560298970973143,48.18143844604492,0.12676359443625265,41.086922
76.83098861935294,11.619153058748918,0.4011982206680208,0.3474808031498867,617.8001098632812,0.12676359443625265,129.5901144230957
76.35063844103041,10.898993411475244,0.5403671140711366,0.5296638322724787,53.68375778198242,0.26242962437695116,72.5705126895752
76.86840418833314,10.510837517892654,0.4014929729698486,0.47505942303490206,361.707763671875,0.26242962437695116,24.318082809448242
76.13642677576608,11.04188446670272,0.4422203417486633,0.4298532544867596,112.53938293457031,0.12676359443625265,76.633293
76.46211133432328,11.04478306039754,0.4783360366747928,0.6207053877061287,492.9190979003906,0.12676359443625265,142.386902
76.73804978375827,11.890206813275631,0.24650369174690487,0.18747020471660894,791.5546264648438,0.12676359443625265,10.22834300994873
76.39604546274148,11.591969324747335,0.5117600591188237,0.46920485395610506,951.071533203125,0.12676359443625265,82.13982391357422
76.51589364326169,10.999001163710103,0.5324521194712717,0.568408529896234,90.85408020019531,0.26242962437695116,68.198212
76.57860966035237,11.843297840805434,0.35385915444706567,0.31661535455144996,902.9752807617188,0.12676359443625265,20.43899154663086
76.13580770422386,11.89331184505071,0.5293701344656758,0.5329180724976209,823.6382446289062,0.12676359443625265,15.452603340148926
76.31783064743472,11.292515419638287,0.5616758951160038,0.4214171887438315,46.64502716064453,0.12676359443625265,69.124138
76.26517201075532,11.085927919945336,0.6507554095193229,0.5851126574636173,45.176902770996094,0.12676359443625265,85.66962432861328
76.8876017772521,10.250951973203733,0.500586278229535,0.5571278326547603,769.5595703125,0.26242962437695116,128.859039
76.40970678219693,10.229108243435675,0.6066239540664495,0.6359372247342767,30.345338821411133,0.26242962437695116,72.644981
76.54994452094935,10.852746671476712,0.2865920570466475,0.27739518547205844,112.65666198730469,0.26242962437695116,80.218407
76.26759160953401,10.136432099458322,0.42455712282219565,0.47854739379924965,12.535043716430664,0.26242962437695116,45.97284698486328
76.05997617352132,11.597508311688712,0.4683944316809386,0.6001405497730029,777.58203125,0.12676359443625265,33.847221
76.73775829885247,11.46816432578341,0.3534461264470169,0.3533130890798019,2059.723388671875,0.12676359443625265,17.004945755004883
76.88427936790067,10.969284206381063,0.43126737271395543,0.38368388110292584,425.53179931640625,0.26242962437695116,185.965424
76.45427459009679,10.18896732843182,0.5283637213384782,0.578250981497815,6.598504066467285,0.26242962437695116,11.192158699035645
76.84207380031914,11.391206524460147,0.4825552924061183,0.6379557611112121,1530.5362548828125,0.12676359443625265,40.967651
76.07337369381379,10.481399623754715,0.5616107821272015,0.44402776912167313,11.003277778625488,0.26242962437695116,288.407776
76.67645211942086,11.514783025484151,0.18135945384387062,0.2789920366266469,1604.5814208984375,0.12676359443625265,28.184629
76.62619950253058,11.910844880961877,0.24987566530365699,0.20406779741123512,833.3945922851562,0.12676359443625265,11.055465698242188
76.56492921428755,11.39400570223884,0.43184366297363436,0.4333136561361403,2151.500732421875,0.12676359443625265,55.87135696411133
76.89507294455994,10.524512252149647,0.410611652812207,0.5388595773539904,318.080322265625,0.26242962437695116,50.10868453979492
76.30515073672035,11.187646614122393,0.7086696876031571,0.6308346304125603,52.35666275024414,0.12676359443625265,132.848816
76.57737795338763,10.442613055198843,0.3399112267111476,0.5351725857030623,741.9046630859375,0.26242962437695116,274.81189
76.24784309688529,11.99972348748967,0.5088412340105343,0.5065045103243595,752.5426025390625,0.12676359443625265,45.21156311035156
76.07842905726466,11.44596637035932,0.49416533093752874,0.6025534733062947,457.0193786621094,0.12676359443625265,101.142731
76.88397656852241,11.2552333310236,0.7067871386722197,0.640455878865292,329.2567443847656,0.12676359443625265,29.399229
76.85600424502282,10.553592885969408,0.5324863334845833,0.5656728574275931,291.6996154785156,0.26242962437695116,37.02055740356445
76.59390218226326,11.160728147555679,0.44326391840203994,0.5518863613405358,701.7125854492188,0.12676359443625265,46.252296447753906
76.34834286764692,10.783654716043063,0.4402340276787957,0.4241414749907207,48.63309860229492,0.26242962437695116,40.054062
76.64632975554885,10.940925912541594,0.17384634680508243,0.38359028070489126,1617.9566650390625,0.26242962437695116,749.095459
76.93368654675083,10.562495262192304,0.5710343305000551,0.5759256912067471,263.07879638671875,0.26242962437695116,11.205926895141602
76.35133125674217,10.041125408886986,0.2792031945655666,0.33049963416666056,9.062131881713867,0.26242962437695116,37.664261
76.10803077157946,10.794595615250827,0.4125464313612957,0.41802181393540166,15.841320037841797,0.26242962437695116,21.641948699951172
76.9520245616001,10.511116891392822,0.4515560191739314,0.44016960204529604,270.55645751953125,0.26242962437695116,10.30134391784668
76.33061288851354,10.85828722509924,0.6155438120265289,0.7175478125827548,107.25982666015625,0.26242962437695116,162.852097
76.76623361296221,11.891938512395468,0.3145584109399737,0.26963383754150444,806.4937133789062,0.12676359443625265,27.51177215576172
76.64604742993798,10.192326213121103,0.5320972463829606,0.5693182798334854,168.3944854736328,0.26242962437695116,148.912323
76.05181040433611,10.5199328373741,0.49366895886726386,0.33653573964219397,13.618680953979492,0.26242962437695116,45.7182731628418
76.74432342603457,11.240839082542005,0.422060596478052,0.387859950258997,725.6400756835938,0.12676359443625265,75.91641998291016
76.80190552389931,10.526711743726443,0.37278615314203295,0.5911864198019627,627.137939453125,0.26242962437695116,14.572152137756348
76.56435464935922,10.514863684829308,0.5332382400426352,0.6591577568601312,85.13785552978516,0.26242962437695116,145.32518005371094
76.9644980992268,11.80561532467565,0.23312972237501084,0.22452268367756612,791.131103515625,0.12676359443625265,10.260313987731934
76.0317945737928,10.58916768766215,0.31832922937042835,0.2330482662229526,6.9815592765808105,0.26242962437695116,80.270981
76.7205087062016,11.519325348467198,0.45451060917180014,0.3952344803285759,979.0084228515625,0.12676359443625265,15.757362365722656
76.23907191116504,10.696192004620778,0.5446474722285196,0.544011086554835,146.9443817138672,0.26242962437695116,87.3883056640625
76.53698002773113,11.017554071166021,0.4085079521485428,0.5316019987417705,123.97817993164062,0.12676359443625265,123.901497
76.41413982687804,11.87811327005064,0.30286838760812823,0.24580818465947532,737.1868896484375,0.12676359443625265,10.88382339477539
76.34598595204379,11.55001390794543,0.47734703409621676,0.4287477975284374,985.5798950195312,0.12676359443625265,42.87361526489258
76.24699065106557,10.29377440857411,0.384961454748196,0.5390360580445398,0.9422440528869629,0.26242962437695116,9.766983985900879
76.44138993036891,11.537172010722863,0.4153874865861055,0.4669274985315096,992.0637817382812,0.12676359443625265,15.795013427734375
76.19356995461237,10.377656123792752,0.49150776443909877,0.4934971631816671,3.714503049850464,0.26242962437695116,10.232799530029297
76.93650991598219,10.718567042740744,0.4823253999219664,0.526347162613257,206.10354614257812,0.26242962437695116,11.559322357177734
76.16827586124657,11.017300883769463,0.49735051888654314,0.4990427050635318,109.34988403320312,0.12676359443625265,112.05171966552734
76.82260708826203,11.840169102881287,0.38107556435803647,0.3249695384143431,832.0745849609375,0.12676359443625265,12.658616065979004
76.91501302790915,10.611377554793059,0.40242664475274326,0.3350905417079947,253.7232208251953,0.26242962437695116,10.53866195678711
76.87499969074251,10.758271285014695,0.5243680944452853,0.5489360353651386,173.54971313476562,0.26242962437695116,16.887142181396484
76.56482054153861,10.774931953197642,0.3859905042415007,0.4114304842624843,84.35008239746094,0.26242962437695116,23.542280197143555
76.89633785022134,10.427681789347366,0.4482699683282877,0.6064790981312908,887.4119873046875,0.26242962437695116,220.535599
76.16759591392642,10.525161478405677,0.32899343881878207,0.27047561862638353,11.531378746032715,0.26242962437695116,10.72502851486206
76.19643089509246,11.060972906188455,0.4330192544039328,0.37903418599091554,112.87589263916016,0.12676359443625265,26.122440338134766
76.82257002278917,10.559465509356512,0.40561217459363824,0.49286068021878937,278.92022705078125,0.26242962437695116,42.39948272705078
76.07941169412628,11.535153954465619,0.07109283196239717,0.27450090744101646,1608.9715576171875,0.12676359443625265,527.526855
76.73725515523697,11.451357834416967,0.5494166094715169,0.6870581167054683,1951.7471923828125,0.12676359443625265,24.68034553527832
76.26447791974027,10.906347762108572,0.4475057652627746,0.39575938859629045,23.93233299255371,0.26242962437695116,12.007041931152344
76.25015750196941,11.749762801089355,0.5435156974433699,0.5115745237107773,942.753173828125,0.12676359443625265,164.072311
76.8843828112715,11.70546525437805,0.25068944441959956,0.21986716794406763,902.96533203125,0.12676359443625265,10.946016311645508
76.19043858152564,10.986822547496704,0.5273427873737035,0.4981142319561202,64.79332733154297,0.26242962437695116,82.37761705249024
76.63509652708487,12.000475592202381,0.21064958887798282,0.16544082708028768,766.4451293945312,0.16441268462205524,10.646117210388184
76.64410646395534,11.705830548338474,0.3650088534802638,0.30386948015051046,894.1741333007812,0.12676359443625265,10.821342468261719
76.55083662625175,10.07678814092743,0.470097833948761,0.5569486663720089,44.53919219970703,0.26242962437695116,104.0304946899414
76.15556648652131,10.18713500914917,-0.06619371129681965,-0.045721789669616396,0.0,0.26242962437695116,10.035778999328613
76.95038146949433,10.597372032736057,0.6169309270230471,0.5475284477728068,245.59632873535156,0.26242962437695116,60.399024963378906
76.6429192128529,11.56416557710238,0.5333670009378834,0.4270812121527222,923.8687133789062,0.12676359443625265,28.058683395385742
76.11398923982803,10.575320858349357,0.45787833555922175,0.44485660784433445,10.892716407775879,0.26242962437695116,36.884628
76.25895861564067,10.447364694004277,0.3847957064917816,0.44954708431847146,16.546493530273438,0.26242962437695116,32.20108682147217
76.12177942423928,11.953993928181688,0.4674333113394288,0.4552910716799588,829.076416015625,0.12676359443625265,107.267145
76.94394014113172,11.2799909792689,0.33051593350368386,0.2879417965837694,336.532958984375,0.12676359443625265,17.28588104248047
76.75681033251512,11.07639584924783,0.46094268643505193,0.4728610020203855,741.2947998046875,0.12676359443625265,99.922623
76.3349490856038,11.57967095338502,0.38230234792127427,0.4302429654659185,929.5307006835938,0.12676359443625265,61.15348825708008
76.15015170324436,10.61015475934768,0.39351753775383597,0.47478384062627804,12.709911346435547,0.26242962437695116,58.119709
76.04406790381157,10.586477630845536,0.48412787689261844,0.39172176268421965,13.500604629516602,0.26242962437695116,98.423141
76.57501292963389,10.172189950884848,0.5711369460410303,0.6156364703238533,29.749971389770508,0.26242962437695116,27.13198471069336
76.62063251101729,10.254071292725923,0.48402776767132855,0.6497395884207688,340.0229187011719,0.26242962437695116,64.014442
76.03749469867657,10.709807829056535,0.28288870133206123,0.2553143572513219,0.4014298915863037,0.26242962437695116,10.8511962890625
76.20610699329053,10.171634753388984,0.4820454757922947,0.4778972397873883,10.4044828414917,0.26242962437695116,35.769798
76.29916583540721,11.487634791218122,0.5053148546824542,0.4812784539626498,658.4351196289062,0.12676359443625265,201.14165500000001
76.50771349155227,10.39242588509641,0.18837068443367652,0.4534082037679765,294.04290771484375,0.26242962437695116,220.1402895
76.8540417484471,11.819037786156766,0.24664297363564752,0.21658034296244594,814.748291015625,0.12676359443625265,10.648683547973633
76.60178309953554,10.976747098743807,0.30756950911267794,0.6063387576874159,587.0333251953125,0.26242962437695116,101.798241
76.09406227933984,10.414613790401928,0.5079629446575813,0.40242074499589353,9.791847229003906,0.26242962437695116,27.170869827270508
76.2153400025011,10.284399925235126,0.44492845215673804,0.5089314034356271,7.776413917541504,0.26242962437695116,11.206177711486816
76.56703351633458,10.550794787821246,0.2811452446114233,0.34698127688150554,247.78172302246094,0.26242962437695116,132.43544006347656
76.56340655871438,11.424335723462164,0.4671743874039619,0.4516156605946778,2153.4521484375,0.12676359443625265,41.524189
76.0778446252549,11.591919367318532,0.441215583334297,0.47387037400425747,753.9344482421875,0.12676359443625265,37.69972229003906
76.35957669840313,11.529004648252124,0.5811958830256494,0.5312428501410906,927.837646484375,0.12676359443625265,20.44426155090332
76.75979230625188,11.396756821893149,0.2711848913103095,0.3844565951092319,2133.18603515625,0.12676359443625265,11.203166007995605
76.58043474114187,10.498847028231033,0.46972845037850725,0.5894849970297883,233.7752685546875,0.26242962437695116,292.171967
76.76093502969006,10.594637286524478,0.45791999654296056,0.44161021593317185,154.07008361816406,0.26242962437695116,13.056764602661133
76.98313793772785,11.858605187954769,0.2791516786570743,0.23367270765505516,736.8864135742188,0.12676359443625265,11.319608688354492
76.9228699649762,11.705493849152619,0.4140698145298452,0.3926980342515837,847.3885498046875,0.12676359443625265,23.365463256835938
76.26067583040148,11.534379351214838,0.4188545267681958,0.40251583621026366,844.3820190429688,0.12676359443625265,135.65151977539062
76.61175572176855,10.935074230733335,0.09311096370700277,0.241799345424121,960.624755859375,0.26242962437695116,117.069969
76.59101324495225,10.47896644504271,0.041915731156145206,0.14494762979114936,1211.3802490234375,0.26242962437695116,149.708115
76.22798896963991,10.77605455140922,0.02435987236360806,0.019604838911726666,13.5,0.26242962437695116,10.063246726989746
76.34657960213731,10.75562787139816,0.4488580745996636,0.4770455215589261,62.01627731323242,0.26242962437695116,34.86769485473633
76.26381935290179,11.175843365278585,0.6575960555794363,0.5480419565819792,61.20979309082031,0.12676359443625265,43.76939010620117
76.49039031774704,10.572320200221883,0.3759469696969698,0.3611717612809317,73.30426788330078,0.26242962437695116,21.024885177612305
76.33079590470226,10.530698019225598,0.4457804994650215,0.5126815876482996,23.494272232055664,0.26242962437695116,17.9160213470459
76.10432180806012,11.322796674484314,0.3806804310258166,0.5181974810505354,522.8388671875,0.12676359443625265,45.641685485839844
76.19732052801201,10.986137278058472,0.43663145735127734,0.45696493487314754,36.4117546081543,0.26242962437695116,84.81444549560547
76.29714302337133,10.372442409277493,0.4119711558772012,0.4506542276672468,17.490394592285156,0.26242962437695116,33.38521957397461
76.21795774933031,11.006002853858362,0.5643276226237972,0.503436358966915,47.09465408325195,0.12676359443625265,73.12244415283203
76.6172367441033,11.888817274074729,0.3400030248247651,0.29718905570368986,834.1765747070312,0.12676359443625265,11.510778427124023
76.82351181140267,10.106048837443039,0.35561363422955333,0.35539004851559797,503.5787353515625,0.26242962437695116,53.39603042602539
76.95389247013132,10.688503460502249,0.48656499636891787,0.48186911790895504,247.3233184814453,0.26242962437695116,45.29679489135742
76.74682718520411,10.415987113404846,0.5198171505968,0.5469507105338165,515.5772094726562,0.26242962437695116,13.266792297363281
76.67117534256238,10.217523941298792,0.29466848750034835,0.567970604982971,700.3397827148438,0.26242962437695116,155.583664
76.841925807944,10.246741605265793,0.6773080241587576,0.726655350129135,373.3253173828125,0.26242962437695116,43.96025466918945
76.55960117113786,10.503133134217403,0.5230682183108283,0.7143871579483791,149.12355041503906,0.26242962437695116,109.776779
76.32962941035044,10.785230722361627,0.5277402415512149,0.5638264814285424,55.05754089355469,0.26242962437695116,42.09646987915039
76.39435760010558,10.692918527273362,0.5182245808708237,0.5427649862727593,98.0422134399414,0.26242962437695116,20.93747901916504
76.209713877785,10.51925704734732,0.41162486627837874,0.3947248438426116,18.768798828125,0.26242962437695116,58.19762420654297
76.19464217239276,10.34961648083318,0.4352798123968618,0.42143717504749156,10.574857711791992,0.26242962437695116,13.732933044433594
76.41701106235928,10.228625773692233,0.48539360393603936,0.49008611823696285,33.23625564575195,0.26242962437695116,55.10616683959961
76.63224801172838,10.313640188744621,0.41505042668735453,0.5658531426002803,469.6611328125,0.26242962437695116,36.901302337646484
76.4742338441836,10.628913631595058,0.5990233372998724,0.6261793057685137,57.28068923950195,0.26242962437695116,122.598709
76.61058824037744,10.21429278144338,0.3707742070116861,0.4796290922342873,576.3445434570312,0.26242962437695116,159.033112
76.642855984732,10.362531571442975,0.45158051448949205,0.5086497363741302,553.9537963867188,0.26242962437695116,87.227242
76.36536140818455,10.425896140021411,0.5829677759820574,0.720977907686857,16.6269474029541,0.26242962437695116,218.977875
76.3900240214269,10.048786515544794,0.4030516295391535,0.5912752135974244,1.0286948680877686,0.26242962437695116,9.958867073059082
76.32270743270205,10.129645146157166,0.3939939960130299,0.4260664223236594,2.2143020629882812,0.26242962437695116,10.498880386352539
76.11977542793096,10.555242598276081,0.31795618702256045,0.3199490330791468,2.0256974697113037,0.26242962437695116,11.643082618713379
76.2863037598861,10.516159312163708,0.3446593339082973,0.4573774912516149,18.243541717529297,0.26242962437695116,30.896665573120117
76.34725920612749,10.066292434640292,0.3934411660149307,0.49213520185637066,7.406052112579346,0.26242962437695116,9.946014404296875
76.19403848959372,10.758995081767155,0.28442467744066224,0.23517790878761108,18.43619155883789,0.26242962437695116,10.662130355834961
76.22822578425269,10.702488493834297,0.6032818282992987,0.6327811531173477,132.46685791015625,0.26242962437695116,73.719902
76.07468635814524,10.606847384309404,0.2862490562457754,0.2743287535477302,3.4965434074401855,0.26242962437695116,10.461260795593262
76.32548771472055,10.998557871456342,0.670301223721368,0.6246710333937656,56.88684844970703,0.26242962437695116,79.98955535888672
76.2812425271222,10.313870930073504,0.4784978949848938,0.6257779274219589,17.5313777923584,0.26242962437695116,12.321731567382812
76.30155687311449,10.33343830579445,0.4136375054659806,0.5338027124775588,20.7316837310791,0.26242962437695116,36.922393798828125
76.62338792717833,10.55097918096232,0.4832428218326142,0.48038376451358356,94.0239028930664,0.26242962437695116,37.73579025268555
76.29349222476456,10.645728385157613,0.5154715800179948,0.5817672886695116,115.69798278808594,0.26242962437695116,254.004822
76.404837642474,10.173065918223259,0.4333869056201666,0.5048167024351329,7.053728103637695,0.26242962437695116,65.814331
76.6012190137719,10.022396469590989,0.5063677077710834,0.5721316771496762,23.214393615722656,0.26242962437695116,18.113731384277344
76.38961422690795,10.04912159501757,0.4139990173475945,0.5735713452199646,1.3880914449691772,0.26242962437695116,10.193254470825195
76.70627016433797,10.107522638037514,0.5840569474468318,0.5369368707979187,50.634971618652344,0.26242962437695116,35.088871
76.40685991779816,10.211392236443855,0.48700665388858977,0.4913685935039908,28.14521026611328,0.26242962437695116,48.47260284423828
76.78233045420679,10.544910848834878,0.2634496250407565,0.44461563858471387,1081.3653564453125,0.26242962437695116,20.101028442382812
76.27879869726009,10.665146268213055,0.5368318356376645,0.6889866239140721,99.64651489257812,0.26242962437695116,138.001892
76.8794586125534,10.550751929320556,0.5204764663100296,0.5441802674999867,303.94464111328125,0.26242962437695116,96.025574
76.34504994773785,10.010792709220963,0.2575633552441192,0.330837996895993,3.5795764923095703,0.26242962437695116,13.219569206237793
76.39971461994901,10.133276636925995,0.3941105094764799,0.4759611972920421,21.557775497436523,0.26242962437695116,41.7761116027832
76.21815829677674,10.6442274113709,0.3574028003371919,0.3769893981897656,28.827587127685547,0.26242962437695116,10.338996887207031
76.07437166850302,10.944554132284155,0.5104956588636114,0.4864485589812333,72.65708923339844,0.26242962437695116,104.921112
76.45669342665289,10.124626163376988,0.44594847775175656,0.5149826914755519,26.79567527770996,0.26242962437695116,45.749279
76.47280089577234,10.172892354306391,0.4892566235102461,0.5359947398083788,11.642606735229492,0.26242962437695116,26.429750442504883
76.36860887833083,10.690886260252897,0.42048865356065757,0.43125447468407174,54.71865463256836,0.26242962437695116,10.8511962890625
76.76929187076797,10.726630606040755,0.36870670255482507,0.36689835650963576,115.55416107177734,0.26242962437695116,32.25559997558594
76.05156389531759,10.688167903198842,0.48578804617643845,0.39922895989361007,24.535524368286133,0.26242962437695116,70.205231
76.17276765827326,10.392290358822985,0.38942733971321125,0.38856110061766247,17.381277084350586,0.26242962437695116,75.98278045654297
76.41430357556752,10.18040828730627,0.44183345882546854,0.5054584039364618,16.700023651123047,0.26242962437695116,14.644804954528809
76.23411554761944,10.829668520816604,0.5139499974118743,0.48769137259353607,76.31629943847656,0.26242962437695116,97.756439
76.65454421391686,10.754308404983902,0.5128203160610392,0.4940932679875413,83.15996551513672,0.26242962437695116,11.989230155944824
76.84474960137283,10.068130439804275,0.33865036470246895,0.5329265780526291,737.4690551757812,0.26242962437695116,102.28377532958984
76.41425006666655,10.252471179403466,0.5582591079745011,0.6616618471463915,13.663223266601562,0.26242962437695116,10.946016311645508
76.87015006774817,10.729253571442399,0.4310632868098765,0.41007588575089854,155.86105346679688,0.26242962437695116,28.267013549804688
76.24179540546326,10.87785511548147,0.5296308338013183,0.5013261263680924,48.74411392211914,0.26242962437695116,91.45872497558594
76.99942544196249,10.048599451626417,0.11602736462339606,0.2949880585649509,1405.63232421875,0.26242962437695116,376.693756
76.37032041673778,10.876951049650629,0.6049538733729307,0.6293352999213697,90.19660186767578,0.26242962437695116,14.17205810546875
76.19327523924946,10.391481307735758,0.3934648175930331,0.3896679143711247,1.8118085861206055,0.26242962437695116,10.626944541931152
76.54742607345962,10.520660278581273,0.4997726788552157,0.586124301149215,88.96188354492188,0.26242962437695116,801.737549
76.49641601171643,10.407816350430439,0.353760767763196,0.7989502271896387,614.5944213867188,0.26242962437695116,129.33164997851563
76.53226181350259,10.632121588491668,0.33716738197424895,0.3287823043471164,66.29269409179688,0.26242962437695116,10.445575714111328
76.69948059489933,10.269345804493344,0.47514169621367003,0.7229632079892573,551.654296875,0.26242962437695116,32.822715759277344
76.03004248665144,10.641548017671761,0.5096505870026811,0.43446939508610777,18.2606201171875,0.26242962437695116,42.83878707885742
76.39751468707807,10.48086441872614,0.35760321406086726,0.5452168715711809,456.0289001464844,0.26242962437695116,151.468979
